vehicle_key,vehicle_type_code_1
1,Sedan
2,Moped
3,Station Wagon/Sport Utility Vehicle
4,Unknown
5,Dump
6,Tanker
7,Bus
8,Taxi
9,Van
10,Motorscooter
11,Bike
12,E-Bike
13,Ambulance
14,Box Truck
15,Garbage or Refuse
16,Motorcycle
17,E-Scooter
18,UTILITY
19,Pick-up Truck
20,Convertible
21,Tractor Truck Diesel
22,Flat Bed
23,Tow Truck / Wrecker
24,�MBU
25,PK
26,AMBULANCE
27,Trailer
28,SCHOOL BUS
29,Lift Boom
30,scooter
31,CATER
32,PKUP
33,Carry All
34,FDNY Ambul
35,3-Door
36,Beverage Truck
37,SEMI TRAIL
38,TOW TRUCK
39,Motorbike
40,UNKNOWN
41,trailer
42,Lunch Wagon
43,dump
44,Flat Rack
45,UNK
46,MOPED
47,USPCS
48,Tractor Truck Gasoline
49,GARBAGE TR
50,Minicycle
51,Concrete Mixer
52,Open Body
53,Chassis Cab
54,Excavator
55,Fork lift
56,4 dr sedan
57,FORD VAN
58,STREET SWE
59,unknown
60,fire truck
61,Glass Rack
62,COMMERCIAL
63,PSD
64,Delivery
65,TANK
66,AMB
67,FIRE TRUCK
68,Stake or Rack
69,TRUCK
70,COM
71,UTIL
72,Pick up tr
73,Bulk Agriculture
74,LIMO
75,EMS bus
76,freight
77,FORKLIFT
78,Hopper
79,MOPAD
80,van
81,Postal ser
82,USPS Truck
83,CON ED TRU
84,Firetruck
85,box truck
86,Scooter
87,Refrigerated Van
88,DUMP
89,SANMEN COU
90,PUMP
91,forklift
92,Dirt Bike
93,Pallet
94,FIRETRUCK
95,School Bus
96,Fire Truck
97,Multi-Wheeled Vehicle
98,FDNY AMBUL
99,commercial
100,PICK UP TR
101,ambulance
102,SHUTTLE BU
103,FDNY
104,NYS Ambula
105,12 passage
106,FORD
107,PICK UP
108,E scooter
109,dump truck
110,AMBULETTE
111,Garbage tr
112,Van Camper
113,GOLF CAR
114,RV
115,UHAL
116,USPS TRUCK
117,Armored Truck
118,Livestock Rack
119,MOTOR SCOO
120,.
121,BOX TRUCK
122,PICKUP
123,E-SCOOTER
124,2 dr sedan
125,Dodge
126,50cc Scoot
127,FIRE APPAR
128,Dump truck
129,Mini Van
130,ROAD SWEEP
131,TRAILER
132,Delivery V
133,AMBU
134,SELF INSUR
135,SCOOTER
136,Tow Truck
137,VAN/TRUCK
138,STREET CLE
139,moped
140,subn
141,Lift
142,Utility
143,EMS
144,kick scoot
145,LADDER CO
146,SEMI
147,MTA BUS
148,Commercial
149,SPRINTER V
150,ELECTRIC S
151,Cargo van
152,Ambu
153,PUMPER
154,pas
155,TRUCK COMM
156,Cement tru
157,Ford Van
158,DELIVERY T
159,Enclosed Body - Nonremovable Enclosure
160,FDNY TRUCK
161,Pick up
162,Skywatch
163,DUMP TRUCK
164,Carriage
165,Pedicab
166,Sprinter V
167,TL
168,MACK TRUCK
169,Minibike
170,FDNY FIRE
171,TCN
172,Combinatio
173,tow truck
174,Flatbed Pi
175,Snow Plow
176,ASPHALT RO
177,UNK BOX TR
178,PICK-UP TR
179,Horse trai
180,GOLF CART
181,TF
182,PEPSI DELI
183,ESCOOTER S
184,FIRE
185,nys ambula
186,MOTOR HOME
187,REFG
188,SELF
189,Forklift
190,SANITATION
191,PASS
192,CAMPER VAN
193,mini van
194,UTILITY VE
195,CMIX
196,FIRE ENGIN
197,usps truck
198,Power shov
199,passenger
200,pickup
201,tr
202,POWER SHOV
203,SMYELLSCHO
204,Grumman LL
205,994
206,firetruck
207,AMBULENCE
208,PASSENGER
209,Electric S
210,ESU REP
211,AMBULANE
212,self insur
213,CAT FORKLI
214,utility tr
215,mailtruck
216,FDNY Truck
217,White Van
218,Dent and S
219,Motorized Home
220,DELV
221,City Owned
222,Truck
223,''lime mope
224,Pick wh
225,Fire truck
226,USPS MAIL
227,crane boom
228,REVEL scoo
229,PC
230,CITY
231,NYPD TOW T
232,work truck
233,USPS POSTA
234,Mack Truck
235,PAS
236,NYC SANITA
237,gas scoote
238,VMS
239,NYS AMBULA
240,FLATBED
241,dirt bike
242,DODGE RAM
243,SUBURBAN
244,HWH
245,Unmarked V
246,DUMPSTER T
247,BOX
248,unk
249,FOOD CART
250,OMT
251,M2
252,LOCOMOTIVE
253,Gas scoote
254,CHERV
255,Post offic
256,SKATEBOARD
257,50cc mini
258,Road sweep
259,Motorized
260,USPS
261,Enclosed Body - Removable Enclosure
262,sprinter v
263,Box truck
264,F550
265,Ram
266,TLR
267,MOVING TRU
268,VERZION VA
269,Constructi
270,School bus
271,Yamaha
272,SCHOOL  BU
273,NonMotordS
274,MINI BUS
275,Motorscoot
276,Work Van
277,commerical
278,Mack
279,police rep
280,EC3
281,SEDONA
282,TLC
283,FDNY LADDE
284,Mopd
285,Sanitation
286,UTILITY VA
287,Garbage
288,Fire Engin
289,MAIL TRUCK
290,GAS POWERE
291,Pas (4dr s
292,Passenger
293,Horse carr
294,ECONOLINE
295,FRT
296,FDNY ENGIN
297,UPS
298,D2
299,Backhoe
300,ENGINE SP0
301,Pass
302,USPS small
303,Pickup with mounted Camper
304,Pick-Up
305,US Mail Tr
306,STREET
307,gas mo ped
308,CITYWIDE
309,SCOOTER GA
310,Postal tru
311,Pro master
312,RGR
313,US POSTAL
314,Fdny engin
315,VAN WH
316,SUV
317,Self Insur
318,FREIGHT TR
319,fdny
320,EMT Ambula
321,utv
322,Scooter ga
323,APP
324,BOOM LIFT
325,tk
326,Delivery t
327,USPS VEHIC
328,FREIG
329,DUMPTRUCK
330,Toyota
331,SPR
332,JEEP
333,Log
334,FDNY Firet
335,MTR H
336,Self
337,Mailtruck
338,4dsd
339,Fork Lift
340,Com
341,MINI SCHOO
342,FDNY LADER
343,PICKUP TRU
344,UTV
345,NYPD Tow T
346,City vehic
347,U-Haul min
348,12 PASSENG
349,EMS TRUCK
350,SS
351,government
352,Ford picku
353,principle
354,SP PURPOSE
355,Government
356,NYC TRANSI
357,NYC PARKS
358,fork lift
359,e-scooter
360,TRACTOR
361,UPS TRUCK
362,NYCHA Van
363,STAK
364,USPS truck
365,USPS VAN
366,Pick Up
367,house on w
368,FireTruck
369,ABULANCE
370,utility
371,Gator 4x4
372,BOBCAT
373,MAIL CARRI
374,SONATA
375,golf cart
376,Unk
377,FRIEG
378,Ford
379,TRANSIT
380,NYPD
381,backhoe re
382,FREIGHTLIN
383,Subn
384,COMMERICAL
385,AMBULACE
386,FORK LIFT
387,GOVERNMENT
388,MACK
389,YW SCHOOL
390,Dump Truck
391,amb
392,EXCAVATOR
393,Utility ve
394,Well Driller
395,NYC FDNY #
396,PASSANGER
397,USPS posta
398,U-Haul
399,JETSKI
400,MOPD
401,MC
402,Tractor Tr
403,MOPED 150C
404,Ice Cream
405,50CC SCOOT
406,Waste truc
407,FEDEX TRUC
408,MINI VAN
409,Pickup
410,F550 ESU R
411,OTHER
412,EMS FDNY B
413,power shov
414,Bucket Tru
415,TRACTOR TR
416,NYC FIRE T
417,Penske Box
418,7
419,DIRT BIKE
420,VAN TRUCK
421,YELLOW TAX
422,Tow
423,MOTORSCOOT
424,FDNY Ladde
425,Freight
426,SMART
427,NJ transit
428,Schoolbus
429,Street Swe
430,CRF Carria
431,DOT TRUCK
432,Tow truck
433,POSTAL TRU
434,usps  van
435,EMS BUS
436,DELIVERY V
437,fed ex tru
438,GOVT
439,garbage tr
440,Suv
441,Amb
442,Usps
443,MINIVAN
444,CITY OF NE
445,FedEx box
446,E SCOOTER
447,NY CITY MT
448,997
449,Sprinter v
450,commerial
451,Skateboard
452,Red moped
453,Gas Moped
454,AMULANCE
455,PROMASTER
456,Trolley ri
457,Sprinter W
458,Tractor
459,MINI VAHN
460,MAC
461,COM DELIVE
462,rmp
463,Sweeper
464,rz
465,Mail
466,bus
467,P PSD
468,Limousine
469,E Bike w p
470,DOT VEHICL
471,Mopped
472,VA
473,COMMERICIA
474,Usps mail
475,Golf Cart
476,E MOTORCYC
477,CHASSIS &
478,POLICE VEH
479,Ele. Unicy
480,FDNY EMS
481,Garbage Tr
482,Self insur
483,FDNY- Fire
484,street swe
485,In Line Sk
486,OMR
487,999
488,2 wheel sc
489,FD TRUCK
490,Tractor tr
491,Fdny ems
492,UTILITY TR
493,RAZOR150 M
494,Electric m
495,"A,n"
496,mot
497,WAGON
498,Razor Scoo
499,subar
500,truck
501,100th truc
502,Pick up Tr
503,Ford Couri
504,BUS (OMNIB
505,GAS MOPED
506,Work truck
507,courier
508,BOX CAR
509,HUMVEE
510,E BIKE
511,FDNY truck
512,ELE MOTORC
513,Tank
514,SCHOOLBUS
515,Delivery T
516,Ford Trans
517,EMI- TRAIL
518,MTA transi
519,box van
520,Ladder tru
521,Electric s
522,Ambulence
523,FLATBED TO
524,Van Truck
525,PICK-UP
526,GMC ECOM
527,Ford f150
528,REVEL
529,a
530,c1
531,TRANSPORT
532,MOPPED
533,Fire Truvk
534,del truck
535,Pickup tru
536,Commer Veh
537,Omnibus
538,PETIT CAB
539,CAN
540,school bus
541,TRUCK W/TR
542,MTA Van
543,Fed Ex Tru
544,utv bobcat
545,electronic
546,tow
547,MTA
548,e bike uni
549,E-bike
550,D3
551,delivery t
552,tlc
553,E-scooter
554,FREIGHT VA
555,C1
556,GAS SCOOTE
557,electric s
558,VAn
559,Chevy
560,cart
561,Dodge ram
562,Lim
563,gas moped
564,Mack truck
565,GOVENMENT
566,us postal
567,mta bus
568,C3
569,OMS
570,Govt P/U T
571,Rmp
572,FDNY FIRET
573,DOT
574,nissa
575,FORD F-150
576,PEDICAB
577,BOXTRUCK
578,REG
579,d3
580,HORSE TRAI
581,REVEL MOPE
582,FORD AMBUL
583,ELECTRIC M
584,Mcy
585,UNKWOWN
586,FD AMBULAN
587,chev
588,FDNY ambul
589,MOOPER
590,Golf cart
591,PROGRESSIV
592,UHAUL
593,utility ve
594,Gas Scoote
595,USPS #6530
596,Military v
597,Limo
598,pick up tr
599,MTA Bus
600,ManPower s
601,HEAVY TRUC
602,PASSENGER VEHICLE
603,LIABITIY
604,access-a-r
605,Crane
606,rgs
607,Road Sweep
608,FDNY Fire
609,Utility tr
610,FORD TRANS
611,FLYWING MO
612,Small Bus
613,PASS VAN
614,Street swe
615,SEMI TRUCK
616,Tk
617,Motor Scoo
618,MANUAL SCO
619,Bicycle
620,Ford FF
621,wagon
622,Traffic To
623,Econoline
624,Fdny Fire
625,Pickup tow
626,mcy
627,AMBULANVE
628,ambu
629,18 WHEELER
630,pick
631,Ems truck
632,Ladder
633,Vanette
634,Boom Lift
635,amazon tru
636,GARBAGE ST
637,P/SH
638,ems bus
639,FDNY Vehic
640,YELLOW BUS
641,l1
642,Utility Ve
643,LSV
644,MILITARY
645,MOTORIZEDS
646,MARKED RMP
647,MTA TRANSI
648,refg
649,wag
650,AMBALANCE
651,X Amb
652,SPC
653,CRANE
654,DELV WH
655,Pvt Ambula
656,delv
657,Collection
658,ELECTRIC C
659,Bread truc
660,13
661,standing s
662,Courier
663,Dumb Truck
664,BOOM MOPED
665,FDNY mecha
666,c3
667,METRO TRAN
668,Flatbed
669,CAR/SUV
670,mini bus
671,Yale Fork
672,HORSE DRAW
673,GEICO
674,ATTECHMENT
675,Bobcat
676,FDNY UTILI
677,US MAIL #1
678,VAN (TRANS
679,toyot
680,MOT
681,TOW-TRUCK
682,PEDAL BIKE
683,Van (Trans
684,Fire engin
685,RMP
686,leu
687,TRANSPORTE
688,REF BOX TR
689,UPS truck
690,Mta bus
691,GOLFCART
692,CONSTRUCTI
693,C2
694,EMS Bus
695,Electric M
696,MOTORHOME
697,ONE WHEEL
698,NYPD Traff
699,rv
700,Stand up s
701,ALL TERRAI
702,COMM
703,Truck/bus
704,d1
705,van truck
706,Lime Scoot
707,TRUCK CRAN
708,taxi
709,mc
710,moped scoo
711,TRANSIT VA
712,ems truck
713,Suburban
714,FDNY 245 E
715,USPS Mail
716,SUBN/Van
717,Detached t
718,Ford EC2
719,charter bu
720,FDNY EMS#1
721,NYFD ambul
722,FREIGT VAN
723,Mail truck
724,SELF-INSUR
725,Car carrie
726,U-HAUL TRU
727,Dept Tow t
728,nyc
729,Dot
730,MO-PED
731,Gas dirt b
732,TRAC
733,10 Paaseng
734,Nova
735,SWEEPER TR
736,MOBILITY S
737,COMM TRAIL
738,Unknown ve
739,Tlc
740,Grain
741,f1
742,Rescue Tru
743,FD Ambulan
744,RIV 2022
745,TRAILER CA
746,COT
747,TRLR
748,VAGON
749,Asphalt Pa
750,4
751,I1
752,4door
753,TRUCK/VAN
754,REP
755,ford
756,R.M.P.
757,Food Trail
758,Honda HRV
759,Ebike
760,FDNY INSUR
761,DELIVERY
762,food truck
763,City Bus
764,R/V
765,crane
766,G COM
767,FORD SPRIN
768,AMBUKANCE
769,Backhoe Lo
770,POWER LADD
771,Mercedes
772,Fire
773,OML/OMNIBU
774,post offic
775,pick up
776,DELV BR
777,MTA bus
778,EMS Ambula
779,NYC AMBULA
780,CMIXER
781,TRAILER/FL
782,POSTAL VEH
783,FLAT
784,G PSD
785,HERTZ RAM
786,SUBN - AMB
787,SPARK150 S
788,TRAILEE
789,FDNY CHIEF
790,SPECIAL CO
791,Quality tr
792,con ed tru
793,EMS/VAN
794,CO
795,7532433
796,4DS
797,sanitaion
798,Ram Promas
799,SKID LOADE
800,MARKED VAN
801,Power Shov
802,HD
803,BULLDOZER
804,SKYWATCH
805,NYNJ RAIL
806,truck trai
807,box
808,AMUBULANCE
809,sedan
810,SNOW PLOW
811,FRHT TRAIL
812,TRK
813,Van truck
814,MTA truck
815,NIU
816,"USPS TRUC,"
817,na
818,FIRET TRUC
819,G AMB
820,UTILITY WH
821,Fedex
822,U HAUL TRU
823,Subr
824,fdny ambul
825,ambulette
826,TRAILOR
827,CEMENT TRU
828,nyc EMS
829,road sweep
830,refuse tru
831,Flat bed t
832,TRUCK TRAI
833,Ambulette
834,util
835,LADDER TRU
836,sanitaton
837,g com
838,E-SKATEBOA
839,usps 88716
840,ebike
841,SEDAN
842,PERM
843,forlift
844,MOTOR SKAT
845,Can
846,FLATBED FR
847,postal van
848,FIRTRUCK
849,skateboard
850,TTAILER
851,fdny ems
852,FDNY fire
853,Cement Tru
854,USPS/GOVT
855,TRUCK VAN
856,CATAPILLAR
857,SWT
858,Trac
859,FLAT  BED
860,E-BIKE
861,COURIER
862,Leased amb
863,SMART CAR
864,message si
865,E-UNICYCLE
866,Street Cle
867,Lawnmower
868,BICYCLE
869,almbulance
870,dark color
871,ford van
872,FD LADDER
873,abulance
874,FDNY Engin
875,OTH
876,Go kart
877,CHEVY EXPR
878,SLINGSHOT
879,dilevery t
880,FDNY #226
881,FREIGHT FL
882,UNKN
883,MOVING VAN
884,usps
885,backhoe
886,Delv
887,Horse
888,Cargo Van
889,TRUCK FLAT
890,BOBCAT FOR
891,Pumper
892,DOT EQUIPM
893,GEN  AMBUL
894,J1
895,Front-Load
896,DRILL RIG
897,Wh Ford co
898,suburban
899,E REVEL SC
900,LIGHT TRAI
901,UT
902,cross
903,FOOD TRUCK
904,gator
905,JOHN DEERE
906,f-250
907,BACK HOE
908,MECHANICAL
909,postal tru
910,CHEVROLET
911,WORK VAN
912,Fdny ambul
913,NYC FD
914,camper tra
915,FUSION
916,LCOMM
917,e skate bo
918,Ford sprin
919,Work van
920,Trc
921,HRSE
922,0
923,postal bus
924,F150XL PIC
925,hrse
926,CAT
927,SUBN WHI
928,E bike
929,com
930,CARGO VAN
931,ELEC. UNIC
932,1C
933,Utility.
934,TRAIL
935,FDNY EMT
936,TRL
937,FREIG DELV
938,pc
939,delviery
940,E-Bik
941,Horse Trai
942,delivery v
943,escavator
944,ford econo
945,USPS #7530
946,Hearse
947,ORION
948,H1
949,Piggy back
950,SE
951,PUSH SCOOT
952,postal ser
953,nat grid t
954,yellow cab
955,G com
956,COM TRANS
957,LIT DIRECT
958,backh
959,D/V WB
960,EMERGENCY
961,fdny truck
962,T880
963,pay loader
964,tractor tr
965,FDNY EMS V
966,RV/VAN
967,TR-Trailer
968,ESU RESCUE
969,City
970,pedicab
971,TTRAILER
972,I-haul
973,RMP V
974,YELLOWPOWE
975,skate
976,197209
977,posta
978,E450
979,UTILI
980,Ambul
981,SCHOO
982,Tow t
983,E-Sco
984,towe truck
985,utili
986,St
987,amulance
988,UNKNO
989,DEPT VAN #
990,GRUMM
991,Trail
992,FIRET
993,Wagon
994,AMBUL
995,E bik
996,PSH
997,US PO
998,Golf
999,TRACT
1000,BOX T
1001,UHUAL
1002,BACKH
1003,DELVI
1004,box t
1005,SCOOT
1006,picku
1007,trail
1008,DELIV
1009,L1
1010,FORKL
1011,van t
1012,SKATE
1013,POSTA
1014,Box T
1015,PAYLO
1016,SANIT
1017,Forkl
1018,ECONO
1019,VAN/T
1020,tract
1021,FUEL
1022,TRC
1023,TANKE
1024,GARBA
1025,3 WHE
1026,2015
1027,SPRIN
1028,road
1029,DOT T
1030,MTA B
1031,FLAT/
1032,Food
1033,deliv
1034,COMME
1035,scoot
1036,acces
1037,ROAD
1038,schoo
1039,STREE
1040,Scoot
1041,FEDEX
1042,LIEBH
1043,CAB
1044,TOW T
1045,USP M
1046,SANTI
1047,tow t
1048,ambul
1049,LTR
1050,comme
1051,prks
1052,Unkno
1053,limo
1054,g spc
1055,CONT
1056,HI TA
1057,CAT.
1058,POLIC
1059,Parce
1060,PICKU
1061,fire
1062,Const
1063,35 FT
1064,GOLF
1065,WINEB
1066,PU
1067,BoxTr
1068,forkl
1069,Tow T
1070,WHITE
1071,TOWTR
1072,PICK-
1073,E BIK
1074,POWER
1075,MINI
1076,trl
1077,ELECT
1078,stree
1079,elect
1080,Box t
1081,VAN T
1082,FORK
1083,vespa
1084,Sprin
1085,MOBIL
1086,back
1087,LIMOU
1088,BS
1089,excav
1090,DOLLY
1091,APPOR
1092,F650
1093,golf
1094,Mta
1095,Van T
1096,SKID-
1097,firet
1098,E SCO
1099,DIRT
1100,Schoo
1101,ICE C
1102,motor
1103,KUBOT
1104,NYS A
1105,range
1106,LMB
1107,BULLD
1108,horse
1109,ACCES
1110,Van (
1111,FLATB
1112,Barri
1113,comm.
1114,MAIL
1115,unkow
1116,Acces
1117,Motor
1118,BTM
1119,US Po
1120,Pas
1121,Attac
1122,NTTRL
1123,MOTOR
1124,YELLO
1125,movin
1126,nypd
1127,SUBUR
1128,Elect
1129,Rescu
1130,E-BIK
1131,COURI
1132,E - B
1133,NAVIG
1134,mta b
1135,COMMU
1136,HORSE
1137,TIR
1138,st
1139,CONST
1140,Motor Home
1141,TRACK EXCA
1142,concr
1143,HINO
1144,dumps
1145,other
1146,semi
1147,Stree
1148,CAT P
1149,power
1150,garba
1151,Garba
1152,BOOM
1153,Comme
1154,PASSE
1155,Posta
1156,SEGWA
1157,SC
1158,Deliv
1159,cater
1160,SEA
1161,moter
1162,Hrse
1163,Trl
1164,U-Hau
1165,BUCKE
1166,Sanit
1167,BK
1168,NYCHA
1169,Snow
1170,COMER
1171,Pick
1172,Picku
1173,E AMB
1174,A
1175,TKTR
1176,GATOR
1177,VAV
1178,santa
1179,EXCAV
1180,none
1181,Road
1182,Firet
1183,GOVER
1184,te
1185,LTRL
1186,Tract
1187,omm
1188,TRANS
1189,TRACK
1190,MAC T
1191,UPS T
1192,comm
1193,NISSA
1194,mail
1195,CMS-T
1196,red t
1197,USPS2
1198,Feder
1199,passe
1200,Bicyc
1201,NYC D
1202,WINNE
1203,FRHT
1204,Unkow
1205,USPOS
1206,Fork
1207,EMS A
1208,Track
1209,van c
1210,DIESE
1211,Budge
1212,SWEEP
1213,OMNIB
1214,FED E
1215,ME/BE
1216,BACK
1217,Other
1218,Fd fi
1219,push
1220,CHEVY
1221,Comix
1222,mopad
1223,VAN A
1224,12 Pa
1225,AMbul
1226,DUMPT
1227,LIGHT
1228,fork
1229,ARMY
1230,TOWER
1231,BOAT
1232,e com
1233,MARK
1234,EMRGN
1235,flatb
1236,E COM
1237,ROADS
1238,Utili
1239,Comm
1240,rd/s
1241,COUPE
1242,work
1243,WORKH
1244,freig
1245,Dumps
1246,2- to
1247,BROOM
1248,EBIKE
1249,TRT
1250,BLOCK
1251,CONCR
1252,CHERR
1253,NYC
1254,LOADE
1255,NS AM
1256,NEW Y
1257,GRAY
1258,e-bik
1259,FRONT
1260,CAMP
1261,RGS
1262,POSTO
1263,WORK
1264,R/V C
1265,sgws
1266,Cat 9
1267,E-MOT
1268,FORK-
1269,Wheel
1270,fd tr
1271,CASE
1272,FD TR
1273,Work
1274,LIBER
1275,CUSHM
1276,COMB
1277,HEAVY
1278,DUMPS
1279,MTA b
1280,FOOD
1281,FD tr
1282,Spc
1283,BED T
1284,BICYC
1285,WHEEL
1286,Util
1287,e sco
1288,BOBCA
1289,DEMA-
1290,Backh
1291,CART
1292,CEMEN
1293,ice c
1294,"TRLR PLT,"
1295,boxtr
1296,spec
1297,99999
1298,seagr
1299,White
1300,self
1301,VAN/B
1302,Semi
1303,CHART
1304,NYC M
1305,icecr
1306,AMABU
1307,Tow-t
1308,Pick-
1309,ulili
1310,Cargo
1311,15 Pa
1312,Smart
1313,Inter
1314,NYC a
1315,trlr
1316,DOT R
1317,e amb
1318,HIGHL
1319,2 TON
1320,e-350
1321,uhaul
1322,bulld
1323,COMMM
1324,ELECTRIC B
1325,G Sem
1326,Marke
1327,Veriz
1328,VAN W
1329,SPRINTER
1330,Farm Vehicle
1331,nyc d
1332,passa
1333,C0MME
1334,jeep
1335,HORSE CARR
1336,CARGO
1337,bobca
1338,OIL T
1339,flat
1340,Mini
1341,house
1342,APORT
1343,sanit
1344,SELF-
1345,U.S. POSTA
1346,REFRI
1347,Movin
1348,E ONE
1349,tank
1350,unkno
1351,4whee
1352,bsd
1353,TR/KI
1354,SEMI-
1355,E3
1356,RD/S
1357,Sweep
1358,Bucketload
1359,3DC-
1360,Mecha
1361,FREE
1362,paylo
1363,trk
1364,315 e
1365,LIVER
1366,RUBBE
1367,carri
1368,dp
1369,P/SE
1370,omr
1371,INTER
1372,1S
1373,ABULA
1374,GOV V
1375,OML
1376,NYC BUS
1377,omnib
1378,ladde
1379,omni
1380,NYC F
1381,PEDIC
1382,RENTA
1383,BUs
1384,UPS t
1385,John
1386,15 PA
1387,cemen
1388,ST150
1389,TAN P
1390,cargo
1391,GE/SC
1392,Ice C
1393,VANG
1394,small
1395,Pavin
1396,PSR
1397,Mo pa
1398,east
1399,PRIVA
1400,SFI
1401,Livery Bus
1402,ELEC.
1403,sterl
1404,SD
1405,TL TR
1406,STATE
1407,Tram
1408,CABIN
1409,MTA U
1410,TAILG
1411,U-HAU
1412,MOVIN
1413,DIRTB
1414,del
1415,nycha
1416,GLBEN
1417,Uhaul
1418,NT TR
1419,VERIZ
1420,oml
1421,p/sh
1422,12 PA
1423,limou
1424,us po
1425,4 axe
1426,STACK
1427,VESPA
1428,KME/F
1429,mta B
1430,nycta
1431,pedic
1432,Token
1433,mtr s
1434,dirt
1435,OZ MO
1436,mack
1437,u-hau
1438,delie
1439,11-VA
1440,3 doo
1441,bobct
1442,const
1443,MCY B
1444,CATIP
1445,progr
1446,MVP
1447,suv
1448,MINIV
1449,front
1450,Car C
1451,RESCU
1452,RINGO
1453,WORKM
1454,1
1455,rmb
1456,fIRET
1457,food
1458,YW PO
1459,PET
1460,semi-trail
1461,trac
1462,MO PE
1463,semi-
1464,Yamah
1465,TRuck
1466,dirtb
1467,U HAU
1468,POIS
1469,FEIG
1470,MTA C
1471,G1
1472,LADDER 34
1473,depar
1474,subur
1475,4D
1476,4DR
1477,SUDN
1478,f15
1479,5X8 T
1480,white
1481,tower
1482,winne
1483,18 WH
1484,ESU T
1485,Shove
1486,UNKOWN
1487,Flat
1488,TCM
1489,ARMOR
1490,VAB
1491,SW
1492,dodge
1493,PUMPE
1494,G TOW
1495,KENWO
1496,REPAI
1497,EAMB
1498,UTLIT
1499,miniv
1500,SCOO
1501,KP160
1502,4 RUN
1503,marke
1504,LD
1505,Snowmobile
1506,ROOD
1507,?omme
1508,SYBN
1509,Subur
1510,plow
1511,Power
1512,USPS # 487
1513,FLEET
1514,G1`
1515,fedx
1516,Stake
1517,US
1518,EMS T
1519,COM T
1520,SPEC
1521,Flatb
1522,VPG
1523,amdu
1524,atv p
1525,PLOW
1526,TRAC.
1527,5
1528,UNKOW
1529,CONVE
1530,SUB
1531,OLC
1532,CHEVR
1533,CITY OWNED
1534,3DOOR
1535,E.M.S
1536,Renta
1537,omt
1538,SCOMM
1539,STERL
1540,BLACK
1541,MAXIM
1542,PS
1543,985
1544,T/ CR
1545,FRE
1546,sweep
1547,SWEPE
1548,SPORT UTILITY / STATION WAGON
1549,e tow
1550,r/v
1551,Nypd
1552,lmb
1553,OMT/T
1554,SCL
1555,ups t
1556,HOUSE
1557,conta
1558,FIRER
1559,GREEN
1560,ems b
1561,FR`
1562,A-ONE
1563,Hino
1564,perm
1565,tr/tr
1566,scooc
1567,hino
1568,yy
1569,couri
1570,2 WHE
1571,pOSTA
1572,RV/Tr
1573,PSP
1574,gokar
1575,E- Bi
1576,US MA
1577,SERVI
1578,SM YW
1579,HOSRE
1580,nyfd
1581,yello
1582,TRALI
1583,26 ft
1584,ENGIN
1585,dhl t
1586,CONTR
1587,9999
1588,nyu s
1589,cm
1590,SURET
1591,dsny
1592,PASS-
1593,BOX H
1594,stak
1595,PAS V
1596,COACH
1597,CON E
1598,oil t
1599,inter
1600,250-3
1601,com v
1602,TOWMA
1603,DEIV
1604,GOVT.
1605,YALE
1606,H3
1607,Econo
1608,P/U
1609,HD To
1610,SCOM
1611,SUBR
1612,LCOM
1613,renta
1614,LEFT
1615,mobil
1616,COLL
1617,NO/BU
1618,2 DR
1619,UPS M
1620,kenwo
1621,DODGE
1622,REFR
1623,SMALL COM VEH(4 TIRES) 
1624,VAN
1625,3-whe
1626,NOT I
1627,ECOM
1628,WHIT
1629,3 Whe
1630,Isuzu
1631,Refri
1632,AERIA
1633,2 DOO
1634,conti
1635,C 1
1636,2000
1637,Grail
1638,hi-lo
1639,HDC
1640,ram
1641,VAN E
1642,ukn
1643,Ems t
1644,MTA V
1645,van w
1646,LMTV
1647,UNKNW
1648,4SEDN
1649,FLAT-
1650,BKHOE
1651,TC
1652,MOTORCYCLE
1653,11111
1654,vAN
1655,US GO
1656,TLC P
1657,FLED
1658,LSA
1659,VANET
1660,U-HAL
1661,high
1662,CHEV
1663,frh
1664,Farm
1665,g scl
1666,15 pa
1667,LIVERY VEHICLE
1668,TAXI
1669,LARGE COM VEH(6 OR MORE TIRES)
1670,PICK-UP TRUCK
1671,BUS
1672,scoo
1673,CARRIER
1674,DEPARTMENT
1675,NYPD VAN
1676,White ambu
1677,U-HAUL
1678,FREIGHT
1679,Cmix
1680,LADDER 169
1681,FUSO TRUCK
1682,SCHOO LBUS
1683,cp
1684,Nissan
1685,SAVANA
1686,Access-A-R
1687,Fdny Ems T
1688,REN
1689,e1
1690,Track trai
1691,LADDER
1692,Station Wa
1693,X TRL
1694,Kubota bac
1695,Passanger
1696,Postal Box
1697,HOUSE ON W
1698,Usaa
1699,Postoffice
1700,Standing S
1701,GOVERMENT
1702,Sprinter
1703,AMAZON TRU
1704,FLAT RACK
1705,EMS -BUS
1706,delivery
1707,MDX
1708,DETACHED T
1709,FRONT LOAD
1710,School van
1711,SKID STEER
1712,Landscapin
1713,ХР06
1714,NYC MTA BU
1715,Yellow sch
1716,Thomas
1717,Pickup Tru
1718,freightlin
1719,UHaul
1720,PV HOLDING
1721,Stand Up S
1722,TRACTOR CR
1723,0
1724,Mixer
1725,RAZOR SCOO
1726,ACCESS A R
1727,Bearcat
1728,G
1729,Ambulances
1730,FDNY VEHIC
1731,LAWN MOWER
1732,sanitation
1733,X AMB
1734,one wheel
1735,Yellow Cab
1736,UNICYCLE
1737,Bulldozer
1738,VAN BUS
1739,DELIVRY TR
1740,d
1741,FDNY EMS v
1742,fdny firet
1743,Fuso
1744,SW/SUV
1745,Yellow bus
1746,HOVERBOARD
1747,Tralier
1748,For
1749,Toolcat
1750,DOLLAR VAN
1751,Old republ
1752,Standing s
1753,Skid steer
1754,Surburban
1755,Amazon del
1756,EMS FDNY
1757,USPS DELIV
1758,YELLOWSCHO
1759,FDNYTRUCKF
1760,two wheel
1761,US Postal
1762,Engine 26
1763,KW
1764,SENIORCARE
1765,Motor scoo
1766,Panel Van
1767,Trolley
1768,volks
1769,PSVAN
1770,COURIER VA
1771,Rec Vehicl
1772,MTA BUS CO
1773,Macktruck
1774,Fdny fire
1775,HOSRE DRAW
1776,DOS TRUCK
1777,Usps truck
1778,Small scho
1779,WINNIEBAGO
1780,BLACK SCOO
1781,trk-m1
1782,DSNY SWEEP
1783,Box Trucki
1784,Ford Pick
1785,Flatbed Tr
1786,FIRE LADDE
1787,Ice cream
1788,MERCEDES
1789,AMAZON VAN
1790,EMS Truck
1791,cadil
1792,sweeper
1793,FARM VEHIC
1794,EMS Ambule
1795,COMERCIAL
1796,VERIZON TR
1797,VOLVO
1798,H Carriage
1799,YELLOWBUS
1800,RAM
1801,TRAILER VE
1802,NYS insura
1803,ACCESS-ARI
1804,DOT truck
1805,g2
1806,h1
1807,Unkown
1808,TOY MINI V
1809,Forklift v
1810,Gmc pick u
1811,ACCESS RID
1812,FDNY FERRA
1813,EMS AMBULA
1814,CITY TRUCK
1815,NYPD towtr
1816,st clean t
1817,DSNY
1818,SWEEPER
1819,yellow bus
1820,UPS Truck
1821,SPRINTER 2
1822,USPS van
1823,COLUMBIA U
1824,SuBN
1825,FIRE DEPT
1826,Ford black
1827,RMP VEHICL
1828,X COM
1829,Electric B
1830,18 wheeler
1831,TANK TRUCK
1832,Escooter
1833,MOTOR UNIC
1834,Quadricycl
1835,SCOOTOR
1836,White subu
1837,COMMMERICA
1838,AMBULANCE`
1839,TOUR
1840,PICK-UP F-
1841,MEDALLION
1842,FDNY ENG.
1843,Pick Up Tr
1844,tow-truck
1845,STATE FARM
1846,Towing Tru
1847,LIVERY
1848,Flat Bed T
1849,e bike
1850,electric m
1851,CARRY ON T
1852,D1
1853,TRUCTOR TR
1854,GOV OWNED
1855,sybn
1856,DSNY TRUCK
1857,ACCESS-A-R
1858,MINI PACKE
1859,NYPD Truck
1860,Comp skid
1861,SEMI-TRUCK
1862,PA
1863,BACKHOE
1864,Gator
1865,NYPD RMP
1866,UHAUL TRUC
1867,SEMI COMM
1868,4 DOOR
1869,COMM VAN
1870,School Van
1871,Citi bike
1872,DUMP TRUK
1873,NYC School
1874,seated sco
1875,NINEBOT
1876,MINI MOTOR
1877,Mobility S
1878,john deer
1879,STATE NATI
1880,Dept  Van
1881,SW/VAN
